INSERT INTO "trainCategories" (categoryName)
VALUES ('Пассажирский'),
       ('Скорый'),
       ('Экспресс'),
       ('Международный'),
       ('Грузопассажирский');


INSERT INTO "wagonType" (type)
VALUES ('Общий'),
       ('Плацкарт'),
       ('Купе'),
       ('СВ'),
       ('Ресторан'),
       ('Грузовой');

INSERT INTO stations (name)
VALUES ('Москва'),
       ('Санкт-Петербург'),
       ('Новосибирск'),
       ('Екатеринбург'),
       ('Казань'),
       ('Челябинск'),
       ('Красноярск'),
       ('Воронеж'),
       ('Нижний Новгород'),
       ('Ростов-на-Дону'),
       ('Уфа'),
       ('Самара'),
       ('Омск'),
       ('Томск'),
       ('Тула'),
       ('Сочи'),
       ('Адлер'),
       ('Краснодар'),
       ('Саратов'),
       ('Ярославль');


INSERT INTO trains (trainNumber, categoryID, headStation, quantityWagon)
VALUES ('101А', 1, 'Москва', 10),
       ('102Б', 2, 'Санкт-Петербург', 15),
       ('103В', 3, 'Нижний Новгород', 8),
       ('104Г', 1, 'Казань', 12),
       ('105Д', 5, 'Сочи', 14),
       ('106Е', 1, 'Новосибирск', 9),
       ('107Ж', 2, 'Екатеринбург', 10),
       ('108З', 3, 'Владивосток', 7),
       ('109И', 4, 'Краснодар', 6),
       ('110К', 5, 'Ростов-на-Дону', 5),
       ('111Л', 1, 'Уфа', 11),
       ('112М', 3, 'Самара', 10),
       ('113Н', 1, 'Челябинск', 8),
       ('114О', 4, 'Омск', 7),
       ('115П', 1, 'Пермь', 6),
       ('116Р', 2, 'Воронеж', 9),
       ('117С', 5, 'Саратов', 5),
       ('118Т', 3, 'Тюмень', 4),
       ('119У', 4, 'Иркутск', 6),
       ('120Ф', 5, 'Хабаровск', 7);


INSERT INTO wagons (trainID, capacity, wagonTypeID)
VALUES (1, 50, 1),
       (1, 64, 2),
       (1, 36, 3),
       (1, 20, 4),
       (2, 60, 1),
       (2, 70, 2),
       (2, 40, 3),
       (2, 25, 4),
       (3, 55, 1),
       (3, 68, 2),
       (3, 38, 3),
       (3, 22, 4),
       (4, 53, 1),
       (4, 66, 2),
       (4, 37, 3),
       (4, 19, 4),
       (5, 58, 1),
       (5, 69, 2),
       (5, 39, 3),
       (5, 24, 4);


INSERT INTO routes (departureStation, arrivalStation)
VALUES ('Москва', 'Санкт-Петербург'),
       ('Санкт-Петербург', 'Новосибирск'),
       ('Новосибирск', 'Екатеринбург'),
       ('Екатеринбург', 'Казань'),
       ('Казань', 'Челябинск'),
       ('Челябинск', 'Красноярск'),
       ('Красноярск', 'Воронеж'),
       ('Воронеж', 'Нижний Новгород'),
       ('Нижний Новгород', 'Ростов-на-Дону'),
       ('Ростов-на-Дону', 'Уфа'),
       ('Уфа', 'Самара'),
       ('Самара', 'Омск'),
       ('Омск', 'Томск'),
       ('Томск', 'Тула'),
       ('Тула', 'Сочи'),
       ('Сочи', 'Адлер'),
       ('Адлер', 'Краснодар'),
       ('Краснодар', 'Саратов'),
       ('Саратов', 'Ярославль'),
       ('Ярославль', 'Москва');


-- INSERT INTO "routeStations" (idRoute, idStation, stationOrder, stopDuration)
-- VALUES (1, 1, 1, '00:30'),
--        (1, 2, 2, '00:45'),
--        (2, 2, 1, '00:40'),
--        (2, 3, 2, '01:00'),
--        (3, 3, 1, '00:35'),
--        (3, 4, 2, '00:50'),
--        (4, 4, 1, '00:25'),
--        (4, 5, 2, '00:55'),
--        (5, 5, 1, '00:20'),
--        (5, 6, 2, '00:45'),
--        (6, 6, 1, '00:30'),
--        (6, 7, 2, '01:10'),
--        (7, 7, 1, '00:40'),
--        (7, 8, 2, '00:50'),
--        (8, 8, 1, '00:25'),
--        (8, 9, 2, '00:55'),
--        (9, 9, 1, '00:20'),
--        (9, 10, 2, '00:45'),
--        (10, 10, 1, '00:30'),
--        (10, 11, 2, '01:10');


INSERT INTO "schedule" (routeID, trainID)
VALUES (1, 1),
       (1, 2),
       (2, 3),
       (2, 4),
       (3, 5),
       (3, 6),
       (4, 7),
       (4, 8),
       (5, 9),
       (5, 10),
       (6, 11),
       (6, 12),
       (7, 13),
       (7, 14),
       (8, 15),
       (8, 16),
       (9, 17),
       (9, 18),
       (10, 19),
       (10, 20);


-- INSERT INTO "stationSchedule" (scheduleID, stationID, departureTime, arrivalTime)
-- VALUES (1, 1, '2024-12-10 08:00:00', '2024-12-10 08:30:00'),
--        (1, 2, '2024-12-10 09:15:00', '2024-12-10 09:45:00'),
--        (2, 2, '2024-12-10 08:30:00', '2024-12-10 09:10:00'),
--        (2, 3, '2024-12-10 09:20:00', '2024-12-10 09:40:00'),
--        (3, 3, '2024-12-10 07:50:00', '2024-12-10 08:30:00'),
--        (3, 4, '2024-12-10 08:40:00', '2024-12-10 09:10:00'),
--        (4, 4, '2024-12-10 06:30:00', '2024-12-10 07:00:00'),
--        (4, 5, '2024-12-10 07:15:00', '2024-12-10 07:45:00'),
--        (5, 5, '2024-12-10 06:40:00', '2024-12-10 07:20:00'),
--        (5, 6, '2024-12-10 07:25:00', '2024-12-10 07:55:00'),
--        (6, 6, '2024-12-10 09:00:00', '2024-12-10 09:40:00'),
--        (6, 7, '2024-12-10 10:00:00', '2024-12-10 10:30:00'),
--        (7, 7, '2024-12-10 08:10:00', '2024-12-10 08:50:00'),
--        (7, 8, '2024-12-10 09:00:00', '2024-12-10 09:30:00'),
--        (8, 8, '2024-12-10 06:50:00', '2024-12-10 07:20:00'),
--        (8, 9, '2024-12-10 07:25:00', '2024-12-10 07:55:00'),
--        (9, 9, '2024-12-10 07:00:00', '2024-12-10 07:30:00'),
--        (9, 10, '2024-12-10 08:00:00', '2024-12-10 08:30:00'),
--        (10, 10, '2024-12-10 07:50:00', '2024-12-10 08:20:00'),
--        (10, 11, '2024-12-10 08:15:00', '2024-12-10 08:45:00');

INSERT INTO passengers (passportDara, firstname, surname, patronymic)
VALUES ('P123456789', 'Иван', 'Иванов', 'Иванович'),
       ('P987654321', 'Александр', 'Петров', 'Александрович'),
       ('P112233445', 'Мария', 'Сидорова', 'Николаевна'),
       ('P556677889', 'Татьяна', 'Кузнецова', 'Владимировна'),
       ('P998877665', 'Елена', 'Федорова', 'Михайловна'),
       ('P223344556', 'Николай', 'Попов', 'Юрьевич'),
       ('P778899665', 'Виктор', 'Смирнов', 'Олегович'),
       ('P112244556', 'Ирина', 'Лебедева', 'Сергеевна'),
       ('P998822113', 'Андрей', 'Григорьев', 'Дмитриевич'),
       ('P556677223', 'Ксения', 'Воронова', 'Романовна'),
       ('P667788993', 'Артем', 'Морозов', 'Викторович'),
       ('P334455223', 'Анастасия', 'Шмидт', 'Игоревна'),
       ('P221133445', 'Дмитрий', 'Яковлев', 'Анатольевич'),
       ('P443322112', 'Светлана', 'Быкова', 'Романовна'),
       ('P998877112', 'Максим', 'Дмитриев', 'Андреевич'),
       ('P776655443', 'Юлия', 'Акимова', 'Евгеньевна'),
       ('P667788112', 'Роман', 'Чернов', 'Петрович'),
       ('P223344777', 'Ольга', 'Ильина', 'Андреевна'),
       ('P998877333', 'Михаил', 'Баранов', 'Юрьевич'),
       ('P998877312', 'Михаил', 'Шорохов', 'Юрьевич');


INSERT INTO employees (firstname, surname, patronymic, position, managerID, brigadeID, stationID)
VALUES ('Алексей', 'Петров', 'Иванович', 'Директор', NULL, 1, 1),
       ('Марина', 'Смирнова', 'Анатольевна', 'Менеджер', 1, 1, 2),
       ('Юлия', 'Кузнецова', 'Дмитриевна', 'Диспетчер', 1, 2, 3),
       ('Игорь', 'Воронов', 'Петрович', 'Контролёр', 2, 2, 4),
       ('Дмитрий', 'Ильин', 'Юрьевич', 'Рабочий', 3, 2, 5),
       ('Светлана', 'Яковлева', 'Михайловна', 'Помощник', 3, 3, 6),
       ('Виктор', 'Фёдоров', 'Владимирович', 'Кассир', 1, 3, 7),
       ('Ирина', 'Морозова', 'Петровна', 'Проводник', 4, 4, 8),
       ('Николай', 'Попов', 'Сергеевич', 'Кулинар', 5, 4, 9),
       ('Татьяна', 'Прокопова', 'Игоревна', 'Повар', 5, 5, 10),
       ('Максим', 'Дмитриев', 'Александрович', 'Проводник', 2, 5, 11),
       ('Елена', 'Шмидт', 'Викторовна', 'Грузчик', 4, 6, 12),
       ('Андрей', 'Григорьев', 'Сергеевич', 'Смотритель', 3, 6, 13),
       ('Ксения', 'Чернова', 'Евгеньевна', 'Грузчик', 5, 7, 14),
       ('Юлия', 'Шмидт', 'Анатольевна', 'Проводник', 1, 7, 15),
       ('Сергей', 'Гончаров', 'Романович', 'Менеджер', 1, 8, 16),
       ('Иван', 'Сидоров', 'Дмитриевич', 'Повар', 3, 8, 17),
       ('Никита', 'Лебедев', 'Сергиевич', 'Контролёр', 4, 9, 18),
       ('Пётр', 'Гречухин', 'Владимирович', 'Кассир', 5, 9, 19),
       ('Оксана', 'Морозова', 'Ивановна', 'Кулинар', 2, 10, 20);

insert into trains (trainNumber, categoryID, headStation, quantityWagon)
select 'Train' || generate_series(1, 1000),
       floor(random() * 5 + 1)::int,
       'Station_' || floor(random() * 200 + 1),
       floor(random() * 15 + 5)::int;

insert into wagons (trainID, capacity, wagonTypeID)
select floor(random() * 1000 + 1)::int,
       floor(random() * 60 + 20)::int,
       floor(random() * 5 + 1)::int
from generate_series(1, 5000);

insert into stations (name)
select 'Station_' || generate_series(1, 1000);

insert into routes (departureStation, arrivalStation)
select *
from (select 'Station_' || floor(random() * 500 + 1) as departureStation,
             'Station_' || floor(random() * 500 + 1) as arrivalStation
      from generate_series(1, 5000)) subquery
where departureStation <> arrivalStation;

insert into "routeStations" ("routeID", "stationID", "stopOrder")
select idRoute,
       idStation,
       row_number() over (partition by idRoute order by random())
from (select floor(random() * 5000 + 1)::int as idRoute,
             floor(random() * 500 + 1)::int  as idStation
      from generate_series(1, 50000)) as subquery
on conflict do nothing;


insert into "schedule" (routeID, trainID)
select floor(random() * 5000 + 1)::int,
       floor(random() * 1000 + 1)::int
from generate_series(1, 5000);
--
-- insert into "stationSchedule" (scheduleID, stationID, departureTime, arrivalTime, passed)
-- select distinct floor(random() * 5000 + 1)::int as scheduleID,
--                 floor(random() * 1000 + 1)::int as stationID,
--                 now() + interval '1 hour' * floor(random() * 500),
--                 now() + interval '2 hour' * floor(random() * 500),
--                 (random() > 0.5)::boolean
-- from generate_series(1, 10000)
-- on conflict (scheduleID, stationID)
--     do nothing;

insert into passengers (passportDara, firstname, surname, patronymic)
select 'P' || generate_series(1, 75000),
       'FirstName_' || floor(random() * 1000 + 1),
       'Surname_' || floor(random() * 1000 + 1),
       'Patronymic_' || floor(random() * 1000 + 1);

insert into "passengersTrips" (scheduleid, passengerid, categorycomfort, "departureStationID", "arrivalStationID")
select floor(random() * 5000 + 1)::int,
       floor(random() * 75000 + 1)::int,
       case
           when random() < 0.5 then 'Economy'
           when random() < 0.8 then 'Business'
           else 'Luxury'
           end,
    floor(random()  * 1000 + 1)::int,
    floor(random()  * 1000 + 1)::int
from generate_series(1, 100000);